Date,Close
,MRF.NS
2015-06-01,35534.09765625
2015-06-02,34137.5546875
2015-06-03,34271.3046875
2015-06-04,34229.72265625
2015-06-05,33881.22265625
2015-06-08,33367.34375
2015-06-09,32314.953125
2015-06-10,32827.66015625
2015-06-11,31418.556640625
2015-06-12,31439.900390625
2015-06-15,31776.31640625
2015-06-16,31955.908203125
2015-06-17,32578.537109375
2015-06-18,32552.7109375
2015-06-19,32768.68359375
2015-06-22,33346.78515625
2015-06-23,33757.015625
2015-06-24,33342.83984375
2015-06-25,33296.3359375
2015-06-26,33278.875
2015-06-29,32772.71875
2015-06-30,33760.36328125
2015-07-01,34278.65234375
2015-07-02,34329.48046875
2015-07-03,34381.66015625
2015-07-06,34358.7734375
2015-07-07,34619.73046875
2015-07-08,34447.9921875
2015-07-09,34682.9609375
2015-07-10,34716.0390625
2015-07-13,35223.625
2015-07-14,34998.35546875
2015-07-15,35156.8515625
2015-07-16,35605.09375
2015-07-17,35719.8984375
2015-07-20,36095.47265625
2015-07-21,35657.91796875
2015-07-22,35858.72265625
2015-07-23,37570.6640625
2015-07-24,38001.95703125
2015-07-27,38450.25
2015-07-28,38746.1328125
2015-07-29,38961.875
2015-07-30,38861.12890625
2015-07-31,40277.93359375
2015-08-03,41969.80078125
2015-08-04,45071.77734375
2015-08-05,44760.86328125
2015-08-06,44152.3984375
2015-08-07,44307.90234375
2015-08-10,43901.8671875
2015-08-11,41959.015625
2015-08-12,40951.00390625
2015-08-13,41281.70703125
2015-08-14,41985.36328125
2015-08-17,42014.7421875
2015-08-18,43534.31640625
2015-08-19,43451.16796875
2015-08-20,42851.92578125
2015-08-21,42795.06640625
2015-08-24,38258.359375
2015-08-25,39337.22265625
2015-08-26,39521.625
2015-08-27,40348.2578125
2015-08-28,40446.65625
2015-08-31,39839.6640625
2015-09-01,39141.6328125
2015-09-02,39712.57421875
2015-09-03,39708.0390625
2015-09-04,38149.01171875
2015-09-07,37485.31640625
2015-09-08,38790.61328125
2015-09-09,38985.9609375
2015-09-10,40058.42578125
2015-09-11,39981.6953125
2015-09-14,40257.26953125
2015-09-15,39689.546875
2015-09-16,39328.015625
2015-09-18,39617.05078125
2015-09-21,40852.171875
2015-09-22,40875.65625
2015-09-23,40375.48828125
2015-09-24,40697.76953125
2015-09-28,40678.7734375
2015-09-29,41005.3515625
2015-09-30,41362.30078125
2015-10-01,41060.37109375
2015-10-05,42291.21484375
2015-10-06,41967.60546875
2015-10-07,42005.23046875
2015-10-08,41322.80078125
2015-10-09,40807.84765625
2015-10-12,40542.35546875
2015-10-13,40617.1796875
2015-10-14,40690.41796875
2015-10-15,41276.4375
2015-10-16,41325.859375
2015-10-19,41341.43359375
2015-10-20,41596.00390625
2015-10-21,41648.23046875
2015-10-23,42047.94140625
2015-10-26,41659.421875
2015-10-27,41009.640625
2015-10-28,40683.8046875
2015-10-29,40103.65234375
2015-10-30,39207.6328125
2015-11-02,38820.41015625
2015-11-03,39188.11328125
2015-11-04,38486.08984375
2015-11-05,38028.9765625
2015-11-06,37985.53125
2015-11-09,38433.65625
2015-11-10,37584.53125
2015-11-13,37855.8828125
2015-11-16,37500.58984375
2015-11-17,38992.3203125
2015-11-18,38402.5
2015-11-19,38797.9921875
2015-11-20,38846.18359375
2015-11-23,38641.49609375
2015-11-24,38423.6875
2015-11-26,38138.7421875
2015-11-27,38894.36328125
2015-11-30,38321.51171875
2015-12-01,38703.63671875
2015-12-02,38747.44921875
2015-12-03,38618.7109375
2015-12-04,39091.6875
2015-12-07,38638.296875
2015-12-08,38681.59375
2015-12-09,38514.4609375
2015-12-10,38906.4609375
2015-12-11,38878.2265625
2015-12-14,38077.52734375
2015-12-15,38262.92578125
2015-12-16,38205.70703125
2015-12-17,38611.453125
2015-12-18,38630.1953125
2015-12-21,38679.57421875
2015-12-22,38642.37890625
2015-12-23,38753.41796875
2015-12-24,39001.73828125
2015-12-28,39120.23828125
2015-12-29,39243.69140625
2015-12-30,39251.05078125
2015-12-31,39335.04296875
2016-01-01,40000.5
2016-01-04,39954.83984375
2016-01-05,40041.046875
2016-01-06,39869.375
2016-01-07,38534.8203125
2016-01-08,38112.93359375
2016-01-11,38448.39453125
2016-01-12,38347.11328125
2016-01-13,37920.7890625
2016-01-14,37659.75
2016-01-15,37175.3671875
2016-01-18,35700.85546875
2016-01-19,35867.3515625
2016-01-20,34563.6015625
2016-01-21,34434.2265625
2016-01-22,35743.3671875
2016-01-25,35633.63671875
2016-01-27,35274.5859375
2016-01-28,35246.87890625
2016-01-29,35141.609375
2016-02-01,33846.28515625
2016-02-02,34147.8203125
2016-02-03,33736.00390625
2016-02-04,33266.62890625
2016-02-05,33715.390625
2016-02-08,33675.73046875
2016-02-09,33198.26953125
2016-02-10,33365.21484375
2016-02-11,31865.44921875
2016-02-12,31379.1015625
2016-02-15,32864.4296875
2016-02-16,32775.54296875
2016-02-17,32888.7265625
2016-02-18,32980.21875
2016-02-19,33144.90625
2016-02-22,33271.06640625
2016-02-23,33132.078125
2016-02-24,32318.693359375
2016-02-25,31542.697265625
2016-02-26,31931.140625
2016-02-29,32104.296875
2016-03-01,33394.36328125
2016-03-02,33600.4609375
2016-03-03,33602.6328125
2016-03-04,33761.11328125
2016-03-08,33987.13671875
2016-03-09,33937.37109375
2016-03-10,33947.484375
2016-03-11,34030.48046875
2016-03-14,34131.05078125
2016-03-15,33889.0859375
2016-03-16,32999.26171875
2016-03-17,33475.0859375
2016-03-18,34244.625
2016-03-21,34274.6796875
2016-03-22,34336.57421875
2016-03-23,34859.69921875
2016-03-28,35667.91015625
2016-03-29,36413.328125
2016-03-30,37396.26953125
2016-03-31,37775.79296875
2016-04-01,36748.25390625
2016-04-04,36343.43359375
2016-04-05,35255.94140625
2016-04-06,35682.5546875
2016-04-07,35304.16796875
2016-04-08,34985.76953125
2016-04-11,35313.6875
2016-04-12,35776.359375
2016-04-13,36097.9765625
2016-04-18,36240.203125
2016-04-20,36315.421875
2016-04-21,35522.8984375
2016-04-22,35058.453125
2016-04-25,34923.27734375
2016-04-26,35235.13671875
2016-04-27,34313.04296875
2016-04-28,33649.0546875
2016-04-29,33328.125
2016-05-02,33721.9609375
2016-05-03,32980.07421875
2016-05-04,33256.421875
2016-05-05,33375.62109375
2016-05-06,33283.05078125
2016-05-09,33228.83984375
2016-05-10,32879.94921875
2016-05-11,32401.302734375
2016-05-12,32844.4453125
2016-05-13,32459.412109375
2016-05-16,32581.673828125
2016-05-17,32363.87109375
2016-05-18,32427.1953125
2016-05-19,32136.015625
2016-05-20,31570.412109375
2016-05-23,31351.43359375
2016-05-24,30740.5078125
2016-05-25,31530.564453125
2016-05-26,32110.22265625
2016-05-27,33085.91015625
2016-05-30,32992.89453125
2016-05-31,33314.98828125
2016-06-01,32888.37890625
2016-06-02,32970.8984375
2016-06-03,32972.921875
2016-06-06,32809.9296875
2016-06-07,32564.412109375
2016-06-08,32168.615234375
2016-06-09,32103.7109375
2016-06-10,31759.06640625
2016-06-13,31547.576171875
2016-06-14,31488.9375
2016-06-15,31232.919921875
2016-06-16,31165.400390625
2016-06-17,30906.03125
2016-06-20,31808.287109375
2016-06-21,31411.70703125
2016-06-22,31287.271484375
2016-06-23,31245.9921875
2016-06-24,30891.23046875
2016-06-27,31437.40234375
2016-06-28,32493.78125
2016-06-29,33063.2265625
2016-06-30,32627.68359375
2016-07-01,33198.8125
2016-07-04,34668.5
2016-07-05,34273.5390625
2016-07-07,34751.9921875
2016-07-08,34909.67578125
2016-07-11,34812.65234375
2016-07-12,34758.89453125
2016-07-13,34020.8671875
2016-07-14,34097.07421875
2016-07-15,33756.3203125
2016-07-18,34128.48046875
2016-07-19,34355.7109375
2016-07-20,34837.12109375
2016-07-21,33921.5
2016-07-22,33688.99609375
2016-07-25,34196.453125
2016-07-26,33401.8671875
2016-07-27,33563.234375
2016-07-28,33590.6484375
2016-07-29,33383.75390625
2016-08-01,33339.36328125
2016-08-02,33460.984375
2016-08-03,34229.94921875
2016-08-04,34931.7890625
2016-08-05,36665.546875
2016-08-08,36689.53125
2016-08-09,36501.609375
2016-08-10,36318.0234375
2016-08-11,36262.51953125
2016-08-12,35736.80859375
2016-08-16,35733.88671875
2016-08-17,36128.30078125
2016-08-18,36156.890625
2016-08-19,35717.86328125
2016-08-22,35100.1328125
2016-08-23,35355.98828125
2016-08-24,35905.99609375
2016-08-25,36062.82421875
2016-08-26,35944.97265625
2016-08-29,37064.62109375
2016-08-30,37183.125
2016-08-31,37025.203125
2016-09-01,36827.421875
2016-09-02,38430.51171875
2016-09-06,39106.35546875
2016-09-07,39460.26171875
2016-09-08,39600.92578125
2016-09-09,39764.8203125
2016-09-12,38675.48046875
2016-09-14,40280.5
2016-09-15,40677.29296875
2016-09-16,40067.78515625
2016-09-19,42633.46484375
2016-09-20,43146.67578125
2016-09-21,43330.80078125
2016-09-22,43893.82421875
2016-09-23,45343.359375
2016-09-26,45218.86328125
2016-09-27,46056.62890625
2016-09-28,49212.91796875
2016-09-29,48077.6328125
2016-09-30,50319.953125
2016-10-03,51331.20703125
2016-10-04,50670.40234375
2016-10-05,53110.5546875
2016-10-06,53307.4140625
2016-10-07,52891.0625
2016-10-10,52457.91796875
2016-10-13,52791.5625
2016-10-14,51879.2734375
2016-10-17,49331.3125
2016-10-18,51066.79296875
2016-10-19,49969.64453125
2016-10-20,49229.4296875
2016-10-21,49890.3828125
2016-10-24,49407.28515625
2016-10-25,49555.84765625
2016-10-26,49099.35546875
2016-10-27,45899.55078125
2016-10-28,47434.63671875
2016-11-01,49551.296875
2016-11-02,49030.66796875
2016-11-03,49718.3125
2016-11-04,49634.625
2016-11-07,50299.58203125
2016-11-08,51484.37890625
2016-11-09,51602.94921875
2016-11-10,52937.2578125
2016-11-11,52008.859375
2016-11-15,49566.93359375
2016-11-16,50002.328125
2016-11-17,49338.02734375
2016-11-18,48550.234375
2016-11-21,46168.1015625
2016-11-22,46439.984375
2016-11-23,47000.4140625
2016-11-24,46704.64453125
2016-11-25,46759.78515625
2016-11-28,47060.05859375
2016-11-29,48588.265625
2016-11-30,49360.984375
2016-12-01,48355.16796875
2016-12-02,48313.92578125
2016-12-05,49924.03515625
2016-12-06,49761.21484375
2016-12-07,49606.01171875
2016-12-08,50861.04296875
2016-12-09,52460.51953125
2016-12-12,51670.6484375
2016-12-13,51857.8046875
2016-12-14,52189.6875
2016-12-15,52044.9765625
2016-12-16,51591.21484375
2016-12-19,51004.484375
2016-12-20,49286.99609375
2016-12-21,48327.31640625
2016-12-22,47713.5234375
2016-12-23,48467.1484375
2016-12-26,47797.40625
2016-12-27,48166.875
2016-12-28,47962.10546875
2016-12-29,48365.5546875
2016-12-30,48377.2734375
2017-01-02,48554.09375
2017-01-03,49847.0234375
2017-01-04,49841.73046875
2017-01-05,51151.96875
2017-01-06,51021.9453125
2017-01-09,50794.37109375
2017-01-10,52452.1796875
2017-01-11,54801.45703125
2017-01-12,54417.2578125
2017-01-13,52783.1015625
2017-01-16,52518.4453125
2017-01-17,53098.8515625
2017-01-18,52434.21875
2017-01-19,51430.4765625
2017-01-20,51110.671875
2017-01-23,51786.08203125
2017-01-24,51899.55078125
2017-01-25,52493.36328125
2017-01-27,52762.921875
2017-01-30,51368.83984375
2017-01-31,51101.36328125
2017-02-01,52016.97265625
2017-02-02,51033.51953125
2017-02-03,50507.79296875
2017-02-06,49697.25390625
2017-02-07,49889.86328125
2017-02-08,51046.9140625
2017-02-09,51127.28515625
2017-02-10,50916.23828125
2017-02-13,50278.1015625
2017-02-14,49655.80859375
2017-02-15,49459.8984375
2017-02-16,49994.98828125
2017-02-17,49563.8203125
2017-02-20,49873.01171875
2017-02-21,49656.0078125
2017-02-22,49233.05859375
2017-02-23,50945.66796875
2017-02-27,50884.42578125
2017-02-28,51278.0546875
2017-03-01,52251.828125
2017-03-02,51393.34375
2017-03-03,51513.29296875
2017-03-06,51812.734375
2017-03-07,51607.32421875
2017-03-08,50974.09765625
2017-03-09,51472.2421875
2017-03-10,51659.16015625
2017-03-14,52414.546875
2017-03-15,56225.84765625
2017-03-16,55819.21875
2017-03-17,54832.24609375
2017-03-20,55417.38671875
2017-03-21,57421.42578125
2017-03-22,57227.57421875
2017-03-23,58867.66015625
2017-03-24,58671.4921875
2017-03-27,59244.9609375
2017-03-28,57688.71484375
2017-03-29,58938.2421875
2017-03-30,59180.80078125
2017-03-31,60299.44921875
2017-04-03,60338.14453125
2017-04-05,60033.34765625
2017-04-06,60448.24609375
2017-04-07,60380.27734375
2017-04-10,60114.46484375
2017-04-11,61396.4921875
2017-04-12,59876.70703125
2017-04-13,59915.72265625
2017-04-17,61282.875
2017-04-18,61923.4609375
2017-04-19,62411.3125
2017-04-20,62818.4453125
2017-04-21,62603.67578125
2017-04-24,63307.67578125
2017-04-25,65850.9453125
2017-04-26,68110.6953125
2017-04-27,67759.5703125
2017-04-28,67179.4609375
2017-05-02,67637.8515625
2017-05-03,67902.34375
2017-05-04,66302.34375
2017-05-05,67403.7890625
2017-05-08,66907.328125
2017-05-09,65966.484375
2017-05-10,65228.1640625
2017-05-11,65346.15234375
2017-05-12,64751.79296875
2017-05-15,65116.0859375
2017-05-16,65383.140625
2017-05-17,67323.4140625
2017-05-18,66240.859375
2017-05-19,65168.765625
2017-05-22,63563.60546875
2017-05-23,63288.67578125
2017-05-24,61847.88671875
2017-05-25,63134.22265625
2017-05-26,64699.01953125
2017-05-29,64240.1484375
2017-05-30,64695.35546875
2017-05-31,64854.62109375
2017-06-01,67484.2578125
2017-06-02,66988.3203125
2017-06-05,67599.96875
2017-06-06,68080.984375
2017-06-07,68244.65625
2017-06-08,70365.3203125
2017-06-09,72117.875
2017-06-12,72543.59375
2017-06-13,71591.6640625
2017-06-14,70338.1171875
2017-06-15,72064.65625
2017-06-16,71204.65625
2017-06-19,70989.1015625
2017-06-20,70886.203125
2017-06-21,70938.5390625
2017-06-22,70213.203125
2017-06-23,69184.2890625
2017-06-27,67848.5546875
2017-06-28,68175.2578125
2017-06-29,67901.40625
2017-06-30,67591.6953125
2017-07-03,70098.0625
2017-07-04,69594.3203125
2017-07-05,69848.6640625
2017-07-06,69515.5625
2017-07-07,69059.15625
2017-07-10,68852.34375
2017-07-11,68377.3203125
2017-07-12,69224.6484375
2017-07-13,68913.484375
2017-07-14,68769.265625
2017-07-17,69319.7421875
2017-07-18,69179.015625
2017-07-19,69466.9296875
2017-07-20,68415.9140625
2017-07-21,68138.3125
2017-07-24,68168.4296875
2017-07-25,69578.515625
2017-07-26,69237.7734375
2017-07-27,68020.6875
2017-07-28,68429.7578125
2017-07-31,68508.015625
2017-08-01,68700.4296875
2017-08-02,70103.578125
2017-08-03,68460.1484375
2017-08-04,65698.7734375
2017-08-07,67144.203125
2017-08-08,66056.234375
2017-08-09,65288.66796875
2017-08-10,63460.8515625
2017-08-11,63283.94140625
2017-08-14,63134.09375
2017-08-16,65126.359375
2017-08-17,63840.828125
2017-08-18,63048.46875
2017-08-21,62786.75390625
2017-08-22,61931.27734375
2017-08-23,62178.9296875
2017-08-24,62420.34765625
2017-08-28,62184.13671875
2017-08-29,62280.015625
2017-08-30,62316.44140625
2017-08-31,63449.875
2017-09-01,64642.109375
2017-09-04,63598.921875
2017-09-05,63928.7890625
2017-09-06,64341.2890625
2017-09-07,63786.62890625
2017-09-08,63179.83984375
2017-09-11,63806.27734375
2017-09-12,64619.27734375
2017-09-13,63692.125
2017-09-14,63203.109375
2017-09-15,63900.03515625
2017-09-18,64268.07421875
2017-09-19,63447.39453125
2017-09-20,63452.33984375
2017-09-21,62662.90234375
2017-09-22,62309.91015625
2017-09-25,62095.78125
2017-09-26,62127.69921875
2017-09-27,61130.2578125
2017-09-28,61248.84765625
2017-09-29,62376.3984375
2017-10-03,62771.5234375
2017-10-04,62400.65234375
2017-10-05,62511.23046875
2017-10-06,63779.640625
2017-10-09,64188.328125
2017-10-10,64059.32421875
2017-10-11,62804.17578125
2017-10-12,63247.86328125
2017-10-13,63034.70703125
2017-10-16,63001.1875
2017-10-17,63140.4375
2017-10-18,63034.8046875
2017-10-19,62888.42578125
2017-10-23,62856.85546875
2017-10-24,62434.94921875
2017-10-25,62459.40625
2017-10-26,62525.734375
2017-10-27,64124.57421875
2017-10-30,66112.5703125
2017-10-31,65759.4140625
2017-11-01,65343.69140625
2017-11-02,65070.79296875
2017-11-03,65819.7578125
2017-11-06,66726.640625
2017-11-07,65056.671875
2017-11-08,64512.015625
2017-11-09,64345.390625
2017-11-10,66686.671875
2017-11-13,67638.9453125
2017-11-14,66968.2421875
2017-11-15,67709.609375
2017-11-16,69034.7421875
2017-11-17,68744.2265625
2017-11-20,68033.015625
2017-11-21,69136.484375
2017-11-22,69000.171875
2017-11-23,68501.9453125
2017-11-24,68715.6484375
2017-11-27,69517.3125
2017-11-28,68905.6484375
2017-11-29,68586.671875
2017-11-30,67901.875
2017-12-01,65511.52734375
2017-12-04,65673.84375
2017-12-05,66178.4453125
2017-12-06,66206.421875
2017-12-07,66396.7265625
2017-12-08,67548.0703125
2017-12-11,67188.9765625
2017-12-12,65747.3828125
2017-12-13,65415.9375
2017-12-14,65297.31640625
2017-12-15,67030.734375
2017-12-18,68496.9921875
2017-12-19,68700.0703125
2017-12-20,68228.875
2017-12-21,70156.2890625
2017-12-22,72094.0859375
2017-12-26,73325.9296875
2017-12-27,72353.734375
2017-12-28,72767.5
2017-12-29,71637.9375
2018-01-01,71683.265625
2018-01-02,70538.015625
2018-01-03,70465.9765625
2018-01-04,70512.0390625
2018-01-05,72181.3046875
2018-01-08,71888.875
2018-01-09,72299.28125
2018-01-10,71761.125
2018-01-11,71593.2578125
2018-01-12,71255.65625
2018-01-15,70823.0625
2018-01-16,69586.0078125
2018-01-17,69720.8984375
2018-01-18,68120.6328125
2018-01-19,68468.6953125
2018-01-22,68984.796875
2018-01-23,69235.6796875
2018-01-24,68209.8046875
2018-01-25,66872.359375
2018-01-29,66241.796875
2018-01-30,67583.125
2018-01-31,67436.3828125
2018-02-01,71063.2890625
2018-02-02,68571.0546875
2018-02-05,67933.1796875
2018-02-06,67847.359375
2018-02-07,68143.4140625
2018-02-08,69473.6328125
2018-02-09,69320.9375
2018-02-12,70931.9296875
2018-02-14,71613.4140625
2018-02-15,71442.1875
2018-02-16,70458.2890625
2018-02-19,69925.0859375
2018-02-20,70124.5859375
2018-02-21,71076.6328125
2018-02-22,69413.96875
2018-02-23,71756.15625
2018-02-26,71971.4296875
2018-02-27,71946.671875
2018-02-28,72665.3125
2018-03-01,71964.3359375
2018-03-05,71608.890625
2018-03-06,70768.515625
2018-03-07,69554.0078125
2018-03-08,69509.640625
2018-03-09,70081.171875
2018-03-12,70390.6328125
2018-03-13,71007.5703125
2018-03-14,70576.2265625
2018-03-15,71028.015625
2018-03-16,69516.8203125
2018-03-19,69381.3671875
2018-03-20,68904.328125
2018-03-21,69274.046875
2018-03-22,68801.625
2018-03-23,68551.7265625
2018-03-26,69269.3828125
2018-03-27,71937.015625
2018-03-28,71795.6328125
2018-04-02,72398.8046875
2018-04-03,74755.1953125
2018-04-04,73994.59375
2018-04-05,76250.4140625
2018-04-06,76373.875
2018-04-09,76479.484375
2018-04-10,76070.765625
2018-04-11,75710.84375
2018-04-12,76845.6015625
2018-04-13,77318.5546875
2018-04-16,77594.9296875
2018-04-17,78982.203125
2018-04-18,78287.3515625
2018-04-19,78535.015625
2018-04-20,77337.0859375
2018-04-23,77189.90625
2018-04-24,77176.9921875
2018-04-25,76729.46875
2018-04-26,75751.9921875
2018-04-27,79617.4609375
2018-04-30,79142.3984375
2018-05-02,78822.9453125
2018-05-03,76265.8515625
2018-05-04,74972.140625
2018-05-07,75361.78125
2018-05-08,74997.125
2018-05-09,75267.4921875
2018-05-10,74140.4140625
2018-05-11,73936.5078125
2018-05-14,73997.734375
2018-05-15,73866.6484375
2018-05-16,74132.421875
2018-05-17,73822.09375
2018-05-18,73471.8359375
2018-05-21,72378.671875
2018-05-22,73142.3671875
2018-05-23,73406.7734375
2018-05-24,72872.3203125
2018-05-25,73135.390625
2018-05-28,75309.6015625
2018-05-29,75636.2578125
2018-05-30,76324.7109375
2018-05-31,74984.5546875
2018-06-01,74108.1640625
2018-06-04,73743.5
2018-06-05,73085.125
2018-06-06,73547.3984375
2018-06-07,74681.015625
2018-06-08,75177.578125
2018-06-11,75651.4375
2018-06-12,74832.734375
2018-06-13,74305.3515625
2018-06-14,74603.921875
2018-06-15,74605.4609375
2018-06-18,73623.921875
2018-06-19,74109.0390625
2018-06-20,74136.640625
2018-06-21,74031.6640625
2018-06-22,74954.1953125
2018-06-25,74442.6328125
2018-06-26,74230.7890625
2018-06-27,73304.8515625
2018-06-28,72211.2890625
2018-06-29,74232.484375
2018-07-02,74453.6171875
2018-07-03,74712.4453125
2018-07-04,75145.859375
2018-07-05,74730.453125
2018-07-06,74353.9609375
2018-07-09,74757.78125
2018-07-10,75192.3359375
2018-07-11,75400.140625
2018-07-12,76843.109375
2018-07-13,76297.1640625
2018-07-16,73596.3828125
2018-07-17,73870.59375
2018-07-18,73121.46875
2018-07-19,73738.25
2018-07-20,76052.28125
2018-07-23,77012.75
2018-07-24,76859.6640625
2018-07-25,77434.7734375
2018-07-26,77866.4609375
2018-07-27,80060.2265625
2018-07-30,79140.3828125
2018-07-31,78703.671875
2018-08-01,78844.875
2018-08-02,77702.828125
2018-08-03,77806.140625
2018-08-06,76234.8359375
2018-08-07,76540.109375
2018-08-08,75994.71875
2018-08-09,75345.3203125
2018-08-10,73599.2109375
2018-08-13,72627.6015625
2018-08-14,73188.609375
2018-08-16,72539.1171875
2018-08-17,73117.171875
2018-08-20,74122.640625
2018-08-21,73861.9375
2018-08-23,73935.890625
2018-08-24,73442.5234375
2018-08-27,73537.6953125
2018-08-28,72689.9921875
2018-08-29,72659.7578125
2018-08-30,72592.75
2018-08-31,73393.796875
2018-09-03,72414.375
2018-09-04,70421.578125
2018-09-05,69750.75
2018-09-06,70224.9296875
2018-09-07,70642.703125
2018-09-10,69903.6328125
2018-09-11,69172.9765625
2018-09-12,68552.1484375
2018-09-14,69643.671875
2018-09-17,69185.640625
2018-09-18,68143.6640625
2018-09-19,67203.8203125
2018-09-21,66173.703125
2018-09-24,64015.9140625
2018-09-25,65218.203125
2018-09-26,65751.4921875
2018-09-27,63653.8828125
2018-09-28,63054.7578125
2018-10-01,62486.75390625
2018-10-03,62598.94140625
2018-10-04,61077.0625
2018-10-05,60500.43359375
2018-10-08,60598.27734375
2018-10-09,61467.19921875
2018-10-10,63432.5546875
2018-10-11,62885.16015625
2018-10-12,63431.3203125
2018-10-15,62065.3359375
2018-10-16,62672.4609375
2018-10-17,61570.86328125
2018-10-19,61437.99609375
2018-10-22,61675.0546875
2018-10-23,61195.8828125
2018-10-24,61816.875
2018-10-25,60837.81640625
2018-10-26,62516.98828125
2018-10-29,63385.58984375
2018-10-30,63759.2734375
2018-10-31,63947.05859375
2018-11-01,64188.484375
2018-11-02,65912.3515625
2018-11-05,65588.15625
2018-11-06,64603.546875
2018-11-07,65004.34765625
2018-11-09,65777.828125
2018-11-12,64645.6328125
2018-11-13,65259.3359375
2018-11-14,64985.51171875
2018-11-15,65222.375
2018-11-16,65192.71875
2018-11-19,65627.328125
2018-11-20,65462.92578125
2018-11-21,66751.5859375
2018-11-22,67032.390625
2018-11-26,67618.703125
2018-11-27,67992.015625
2018-11-28,68207.1640625
2018-11-29,67709.0859375
2018-11-30,66759.3671875
2018-12-03,66125.59375
2018-12-04,65566.3046875
2018-12-05,64728.74609375
2018-12-06,64213.9609375
2018-12-07,65017.11328125
2018-12-10,63817.1640625
2018-12-11,65608.8984375
2018-12-12,67566.9375
2018-12-13,66889.75
2018-12-14,65770.8515625
2018-12-17,65810.625
2018-12-18,66986.8671875
2018-12-19,68737.2890625
2018-12-20,68462.4296875
2018-12-21,66433.953125
2018-12-24,65555.2890625
2018-12-26,66747.0625
2018-12-27,66119.1640625
2018-12-28,66466.7890625
2018-12-31,66414.9609375
2019-01-01,66233.0390625
2019-01-02,66068.75
2019-01-03,66249.9453125
2019-01-04,66036.6796875
2019-01-07,66408.875
2019-01-08,65874.8203125
2019-01-09,65508.4140625
2019-01-10,66133.40625
2019-01-11,66367.9375
2019-01-14,66086.15625
2019-01-15,65632.59375
2019-01-16,65429.94140625
2019-01-17,65243.140625
2019-01-18,65180.66796875
2019-01-21,65563.671875
2019-01-22,64704.55859375
2019-01-23,65510.09375
2019-01-24,64350.734375
2019-01-25,63377.28125
2019-01-28,62027.859375
2019-01-29,61341.9453125
2019-01-30,60807.77734375
2019-01-31,60767.921875
2019-02-01,60754.52734375
2019-02-04,59397.0390625
2019-02-05,59493.953125
2019-02-06,59426.23046875
2019-02-07,58905.24609375
2019-02-08,55971.21875
2019-02-11,54874.87109375
2019-02-12,54884.58203125
2019-02-14,55823.3359375
2019-02-15,54670.8125
2019-02-18,53999.828125
2019-02-19,53769.5390625
2019-02-20,54330.0546875
2019-02-21,54248.21875
2019-02-22,54496.2421875
2019-02-25,54872.390625
2019-02-26,55479.95703125
2019-02-27,56382.125
2019-02-28,56359.125
2019-03-01,56646.21484375
2019-03-05,57175.8515625
2019-03-06,58071.3671875
2019-03-07,57350.859375
2019-03-08,56544.58984375
2019-03-11,57220.53125
2019-03-12,56687.7734375
2019-03-13,56929.30859375
2019-03-14,56678.30078125
2019-03-15,57122.56640625
2019-03-18,56948.296875
2019-03-19,56958.71484375
2019-03-20,56495.0078125
2019-03-22,56069.78125
2019-03-25,55532.859375
2019-03-26,55705.2890625
2019-03-27,56106.8671875
2019-03-28,55821.10546875
2019-04-01,59655.3203125
2019-04-02,59879.66015625
2019-04-03,59532.71484375
2019-04-04,59495.984375
2019-04-05,59749.8671875
2019-04-08,58423.2734375
2019-04-09,57153.99609375
2019-04-10,57005.8046875
2019-04-11,56983.15234375
2019-04-12,58021.15234375
2019-04-15,57656.41015625
2019-04-16,57565.3828125
2019-04-18,57323.546875
2019-04-22,56116.79296875
2019-04-23,56086.34765625
2019-04-24,55172.08203125
2019-04-25,54952.45703125
2019-04-26,53950.16015625
2019-04-30,52457.82421875
2019-05-02,51981.734375
2019-05-03,52661.98828125
2019-05-06,53362.96484375
2019-05-07,52497.1328125
2019-05-08,53660.32421875
2019-05-09,53971.1171875
2019-05-10,53491.3671875
2019-05-13,52623.1640625
2019-05-14,52839.42578125
2019-05-15,53106.6015625
2019-05-16,53238.5625
2019-05-17,53910.140625
2019-05-20,54298.4375
2019-05-21,54309.13671875
2019-05-22,54657.921875
2019-05-23,54354.953125
2019-05-24,56527.43359375
2019-05-27,56382.02734375
2019-05-28,55939.83984375
2019-05-29,55444.0625
2019-05-30,54718.8046875
2019-05-31,54797.97265625
2019-06-03,55529.09765625
2019-06-04,56897.42578125
2019-06-06,55334.10546875
2019-06-07,55127.56640625
2019-06-10,55124.64453125
2019-06-11,55722.05078125
2019-06-12,55238.62109375
2019-06-13,54307.9921875
2019-06-14,54242.359375
2019-06-17,54262.14453125
2019-06-18,54158.1328125
2019-06-19,54035.18359375
2019-06-20,54457.4765625
2019-06-21,54458.1640625
2019-06-24,54198.6875
2019-06-25,55083.34765625
2019-06-26,55620.61328125
2019-06-27,56024.36328125
2019-06-28,56131.109375
2019-07-01,56279.10546875
2019-07-02,56188.62890625
2019-07-03,56326.4921875
2019-07-04,56061.55078125
2019-07-05,55529.78515625
2019-07-08,54313.24609375
2019-07-09,54109.9375
2019-07-10,54730.3515625
2019-07-11,55689.1796875
2019-07-12,55600.734375
2019-07-15,55657.94921875
2019-07-16,56033.23046875
2019-07-17,55531.33203125
2019-07-18,55068.96484375
2019-07-19,53050.61328125
2019-07-22,53686.46484375
2019-07-23,53485.86328125
2019-07-24,53571.93359375
2019-07-25,53655.515625
2019-07-26,53879.21484375
2019-07-29,53330.6796875
2019-07-30,53323.93359375
2019-07-31,53096.13671875
2019-08-01,52958.015625
2019-08-02,53468.14453125
2019-08-05,52955.3359375
2019-08-06,53469.734375
2019-08-07,53596.1328125
2019-08-08,54291.9609375
2019-08-09,56609.4609375
2019-08-13,56313.98046875
2019-08-14,56866.08203125
2019-08-16,56400.18359375
2019-08-19,57160.671875
2019-08-20,57120.07421875
2019-08-21,57306.76953125
2019-08-22,57143.4453125
2019-08-23,57428.359375
2019-08-26,58344.38671875
2019-08-27,58432.81640625
2019-08-28,57492.87109375
2019-08-29,57116.84765625
2019-08-30,58153.46875
2019-09-03,57370.84765625
2019-09-04,57261.3125
2019-09-05,57292.328125
2019-09-06,58316.48828125
2019-09-09,58430.44140625
2019-09-11,59654.1015625
2019-09-12,60206.90234375
2019-09-13,59671.96484375
2019-09-16,59018.42578125
2019-09-17,57421.30859375
2019-09-18,57929.65234375
2019-09-19,57636.44140625
2019-09-20,64161.21875
2019-09-23,65687.109375
2019-09-24,65388.63671875
2019-09-25,64018.8828125
2019-09-26,62391.20703125
2019-09-27,62207.5390625
2019-09-30,62819.93359375
2019-10-01,61402.43359375
2019-10-03,61013.0
2019-10-04,60484.2734375
2019-10-07,60709.33203125
2019-10-09,60730.17578125
2019-10-10,60718.1640625
2019-10-11,61262.76953125
2019-10-14,61534.68359375
2019-10-15,62557.859375
2019-10-16,62428.21875
2019-10-17,64418.28125
2019-10-18,63542.7109375
2019-10-22,63732.828125
2019-10-23,63842.01953125
2019-10-24,63007.1796875
2019-10-25,62814.02734375
2019-10-27,62852.48828125
2019-10-29,64685.5234375
2019-10-30,64409.75390625
2019-10-31,65184.37890625
2019-11-01,64481.70703125
2019-11-04,63960.17578125
2019-11-05,63379.92578125
2019-11-06,63163.55859375
2019-11-07,63049.26953125
2019-11-08,63974.171875
2019-11-11,62615.11328125
2019-11-13,62490.0078125
2019-11-14,63147.4296875
2019-11-15,63473.97265625
2019-11-18,63913.7265625
2019-11-19,63065.89453125
2019-11-20,62588.56640625
2019-11-21,62083.38671875
2019-11-22,62187.4609375
2019-11-25,63387.30859375
2019-11-26,62625.1953125
2019-11-27,62537.5
2019-11-28,63508.859375
2019-11-29,62927.6484375
2019-12-02,62258.6328125
2019-12-03,61602.171875
2019-12-04,61632.36328125
2019-12-05,61302.96484375
2019-12-06,61077.58984375
2019-12-09,62027.70703125
2019-12-10,61610.51953125
2019-12-11,61590.7578125
2019-12-12,62227.91796875
2019-12-13,63453.01953125
2019-12-16,63778.4921875
2019-12-17,64224.66796875
2019-12-18,63652.08203125
2019-12-19,63605.58984375
2019-12-20,63293.05859375
2019-12-23,63209.3828125
2019-12-24,63140.7578125
2019-12-26,62674.23046875
2019-12-27,65153.44140625
2019-12-30,65761.8359375
2019-12-31,65839.171875
2020-01-01,66215.109375
2020-01-02,66804.21875
2020-01-03,66090.4609375
2020-01-06,65023.8984375
2020-01-07,64850.34375
2020-01-08,64391.22265625
2020-01-09,66422.2265625
2020-01-10,66993.90625
2020-01-13,66520.4921875
2020-01-14,66202.265625
2020-01-15,65781.015625
2020-01-16,66562.890625
2020-01-17,68799.6953125
2020-01-20,68003.4765625
2020-01-21,67427.1796875
2020-01-22,67348.75
2020-01-23,69361.25
2020-01-24,69886.03125
2020-01-27,69788.765625
2020-01-28,69347.40625
2020-01-29,69851.4921875
2020-01-30,69301.65625
2020-01-31,69158.8515625
2020-02-03,68948.34375
2020-02-04,71149.40625
2020-02-05,71854.796875
2020-02-06,71105.9453125
2020-02-07,70435.0390625
2020-02-10,72705.546875
2020-02-11,70853.1796875
2020-02-12,71145.2421875
2020-02-13,70995.5625
2020-02-14,71267.5859375
2020-02-17,70771.8671875
2020-02-18,69180.4765625
2020-02-19,69444.203125
2020-02-20,70268.3046875
2020-02-24,68367.609375
2020-02-25,68624.46875
2020-02-26,67638.3046875
2020-02-27,67062.046875
2020-02-28,65904.3828125
2020-03-02,65490.55078125
2020-03-03,67241.9765625
2020-03-04,66559.6796875
2020-03-05,66829.46875
2020-03-06,65859.671875
2020-03-09,63788.71875
2020-03-11,63121.66796875
2020-03-12,60109.4140625
2020-03-13,65443.94921875
2020-03-16,60843.7734375
2020-03-17,61683.18359375
2020-03-18,59479.984375
2020-03-19,57378.1640625
2020-03-20,58554.640625
2020-03-23,51587.6171875
2020-03-24,52210.45703125
2020-03-25,56162.6953125
2020-03-26,54936.2890625
2020-03-27,55956.21484375
2020-03-30,53975.35546875
2020-03-31,57736.21875
2020-04-01,54703.1171875
2020-04-03,54656.85546875
2020-04-07,57276.23046875
2020-04-08,56751.8203125
2020-04-09,59576.0234375
2020-04-13,56976.6015625
2020-04-15,56995.01171875
2020-04-16,59996.8984375
2020-04-17,61184.48828125
2020-04-20,60932.06640625
2020-04-21,58431.35546875
2020-04-22,57793.2890625
2020-04-23,58280.0859375
2020-04-24,58372.453125
2020-04-27,58770.63671875
2020-04-28,58640.75
2020-04-29,58767.80859375
2020-04-30,60065.13671875
2020-05-04,57560.37890625
2020-05-05,57324.81640625
2020-05-06,57933.00390625
2020-05-07,58397.90625
2020-05-08,58441.4296875
2020-05-11,58358.35546875
2020-05-12,57207.78515625
2020-05-13,59206.0078125
2020-05-14,57704.60546875
2020-05-15,57707.53515625
2020-05-18,55941.12890625
2020-05-19,56409.8046875
2020-05-20,56877.0390625
2020-05-21,57028.51953125
2020-05-22,57011.2421875
2020-05-26,57301.09375
2020-05-27,57651.19921875
2020-05-28,58035.75
2020-05-29,58677.87890625
2020-06-01,60993.65234375
2020-06-02,62230.83203125
2020-06-03,61289.66015625
2020-06-04,61194.8671875
2020-06-05,63058.4921875
2020-06-08,63771.3984375
2020-06-09,63523.0
2020-06-10,63326.65625
2020-06-11,62421.95703125
2020-06-12,63259.8515625
2020-06-15,62529.80859375
2020-06-16,62198.96484375
2020-06-17,62504.64453125
2020-06-18,62535.86328125
2020-06-19,62485.8359375
2020-06-22,64285.9375
2020-06-23,64057.52734375
2020-06-24,63655.953125
2020-06-25,64332.48828125
2020-06-26,65968.40625
2020-06-29,64716.88671875
2020-06-30,66779.1796875
2020-07-01,65352.0703125
2020-07-02,65606.2421875
2020-07-03,65653.296875
2020-07-06,66837.796875
2020-07-07,66366.546875
2020-07-08,64806.5234375
2020-07-09,64854.81640625
2020-07-10,64389.66796875
2020-07-13,64197.29296875
2020-07-14,63921.88671875
2020-07-15,63206.5390625
2020-07-16,63070.15234375
2020-07-17,64879.33984375
2020-07-20,64563.9140625
2020-07-21,65137.96484375
2020-07-22,63933.5546875
2020-07-23,62890.8828125
2020-07-24,62512.8359375
2020-07-27,61475.62890625
2020-07-28,61746.9140625
2020-07-29,61359.98828125
2020-07-30,60593.71875
2020-07-31,60599.078125
2020-08-03,60525.7265625
2020-08-04,60819.00390625
2020-08-05,61066.11328125
2020-08-06,60894.13671875
2020-08-07,62241.15234375
2020-08-10,61407.5390625
2020-08-11,61007.953125
2020-08-12,61180.96484375
2020-08-13,63505.47265625
2020-08-14,60981.4375
2020-08-17,59705.20703125
2020-08-18,59762.23828125
2020-08-19,59397.25
2020-08-20,59069.1796875
2020-08-21,59188.14453125
2020-08-24,59159.76171875
2020-08-25,58849.90625
2020-08-26,58899.8828125
2020-08-27,58879.8359375
2020-08-28,59141.19921875
2020-08-31,57560.5234375
2020-09-01,57915.73828125
2020-09-02,58155.40234375
2020-09-03,58061.44921875
2020-09-04,57995.2421875
2020-09-07,57944.42578125
2020-09-08,57784.05859375
2020-09-09,58330.90625
2020-09-10,58698.6796875
2020-09-11,58790.64453125
2020-09-14,58181.3359375
2020-09-15,58070.58203125
2020-09-16,59229.33984375
2020-09-17,59186.49609375
2020-09-18,58609.59765625
2020-09-21,57822.8203125
2020-09-22,57375.73046875
2020-09-23,56880.5546875
2020-09-24,55297.125
2020-09-25,57129.0625
2020-09-28,58963.4921875
2020-09-29,59118.3828125
2020-09-30,59227.59765625
2020-10-01,60227.8828125
2020-10-05,60175.484375
2020-10-06,59921.31640625
2020-10-07,60250.99609375
2020-10-08,59827.265625
2020-10-09,58444.84375
2020-10-12,58248.19921875
2020-10-13,58251.02734375
2020-10-14,58562.81640625
2020-10-15,58116.515625
2020-10-16,57677.51953125
2020-10-19,59662.71875
2020-10-20,59580.69921875
2020-10-21,60689.33984375
2020-10-22,61890.2578125
2020-10-23,63251.09375
2020-10-26,62914.40625
2020-10-27,67808.078125
2020-10-28,66457.875
2020-10-29,66909.046875
2020-10-30,64925.49609375
2020-11-02,65842.9609375
2020-11-03,67284.765625
2020-11-04,68053.890625
2020-11-05,68171.859375
2020-11-06,68120.5
2020-11-09,69437.0390625
2020-11-10,68965.75
2020-11-11,68192.390625
2020-11-12,68985.5234375
2020-11-13,71410.7109375
2020-11-14,71509.9453125
2020-11-17,73666.84375
2020-11-18,74609.9453125
2020-11-19,76390.0
2020-11-20,78615.203125
2020-11-23,79654.296875
2020-11-24,79381.53125
2020-11-25,75873.390625
2020-11-26,75384.5078125
2020-11-27,77292.0859375
2020-12-01,79107.2421875
2020-12-02,79322.953125
2020-12-03,78441.453125
2020-12-04,78246.078125
2020-12-07,79070.8125
2020-12-08,78707.0625
2020-12-09,77921.1015625
2020-12-10,77169.34375
2020-12-11,77430.9921875
2020-12-14,77102.1953125
2020-12-15,76842.3828125
2020-12-16,78167.25
2020-12-17,76847.1484375
2020-12-18,77125.9609375
2020-12-21,74845.2734375
2020-12-22,75659.2265625
2020-12-23,75419.09375
2020-12-24,75456.390625
2020-12-28,74933.7734375
2020-12-29,75242.828125
2020-12-30,76483.203125
2020-12-31,75315.3203125
2021-01-01,75584.9609375
2021-01-04,77951.8203125
2021-01-05,78598.890625
2021-01-06,78299.859375
2021-01-07,76888.3828125
2021-01-08,80139.09375
2021-01-11,82033.9375
2021-01-12,85254.3515625
2021-01-13,85150.3359375
2021-01-14,88239.84375
2021-01-15,87048.8203125
2021-01-18,85169.78125
2021-01-19,86696.65625
2021-01-20,92546.8046875
2021-01-21,91186.078125
2021-01-22,91775.7109375
2021-01-25,89123.4375
2021-01-27,88068.9296875
2021-01-28,86985.1484375
2021-01-29,83586.2265625
2021-02-01,87627.375
2021-02-02,90224.6640625
2021-02-03,89446.734375
2021-02-04,91652.4296875
2021-02-05,90172.0625
2021-02-08,90348.765625
2021-02-09,93060.2421875
2021-02-10,96416.796875
2021-02-11,89567.2265625
2021-02-12,90753.7109375
2021-02-15,90123.2265625
2021-02-16,89060.796875
2021-02-17,88675.171875
2021-02-18,88373.75
2021-02-19,87616.8359375
2021-02-22,86424.8828125
2021-02-23,87058.4375
2021-02-24,87477.203125
2021-02-25,87122.3828125
2021-02-26,84015.578125
2021-03-01,88517.03125
2021-03-02,89168.234375
2021-03-03,88588.2578125
2021-03-04,89260.84375
2021-03-05,88155.421875
2021-03-08,87064.453125
2021-03-09,88559.03125
2021-03-10,88177.625
2021-03-12,88268.3515625
2021-03-15,87172.84375
2021-03-16,86323.1796875
2021-03-17,85120.078125
2021-03-18,82731.0625
2021-03-19,84056.9921875
2021-03-22,83244.65625
2021-03-23,84131.8671875
2021-03-24,81871.4609375
2021-03-25,81284.3359375
2021-03-26,81541.0859375
2021-03-30,82710.21875
2021-03-31,81789.671875
2021-04-01,82658.328125
2021-04-05,81055.3203125
2021-04-06,81775.8359375
2021-04-07,83194.75
2021-04-08,82509.1875
2021-04-09,81420.484375
2021-04-12,78775.375
2021-04-13,82199.4375
2021-04-15,80518.0234375
2021-04-16,80901.3125
2021-04-19,78778.8984375
2021-04-20,78886.6796875
2021-04-22,77860.7890625
2021-04-23,77767.4609375
2021-04-26,77243.875
2021-04-27,77564.8828125
2021-04-28,77614.984375
2021-04-29,77213.3984375
2021-04-30,80259.546875
2021-05-03,79451.1796875
2021-05-04,78165.546875
2021-05-05,77830.671875
2021-05-06,77442.484375
2021-05-07,77003.9140625
2021-05-10,77922.46875
2021-05-11,78172.140625
2021-05-12,76826.015625
2021-05-14,75700.9296875
2021-05-17,77765.1171875
2021-05-18,78817.2890625
2021-05-19,79228.125
2021-05-20,80767.1875
2021-05-21,81708.8671875
2021-05-24,81987.921875
2021-05-25,81712.296875
2021-05-26,81103.640625
2021-05-27,82321.3046875
2021-05-28,82905.9140625
2021-05-31,83163.71875
2021-06-01,82608.9609375
2021-06-02,83950.4453125
2021-06-03,83988.5859375
2021-06-04,84433.7421875
2021-06-07,81929.890625
2021-06-08,80884.609375
2021-06-09,79769.9765625
2021-06-10,81702.859375
2021-06-11,81702.2109375
2021-06-14,82005.8046875
2021-06-15,82389.4765625
2021-06-16,82082.828125
2021-06-17,82204.2109375
2021-06-18,82172.109375
2021-06-21,81310.0234375
2021-06-22,81280.3984375
2021-06-23,81502.40625
2021-06-24,80512.546875
2021-06-25,80054.3984375
2021-06-28,80094.6015625
2021-06-29,79764.1015625
2021-06-30,79622.1640625
2021-07-01,80555.6015625
2021-07-02,80678.90625
2021-07-05,80368.71875
2021-07-06,79989.75
2021-07-07,80307.609375
2021-07-08,79958.6796875
2021-07-09,79537.8515625
2021-07-12,79729.140625
2021-07-13,82641.1171875
2021-07-14,82333.140625
2021-07-15,80980.078125
2021-07-16,81978.96875
2021-07-19,81766.6328125
2021-07-20,81173.796875
2021-07-22,81106.125
2021-07-23,80711.265625
2021-07-26,80455.640625
2021-07-27,79637.921875
2021-07-28,79466.3046875
2021-07-29,79270.1875
2021-07-30,79451.09375
2021-08-02,79961.5546875
2021-08-03,80555.703125
2021-08-04,80042.9296875
2021-08-05,79257.203125
2021-08-06,78756.1640625
2021-08-09,79642.6328125
2021-08-10,78426.265625
2021-08-11,77207.546875
2021-08-12,77837.2734375
2021-08-13,78470.8359375
2021-08-16,78257.8671875
2021-08-17,78335.2734375
2021-08-18,78942.7109375
2021-08-20,77679.0
2021-08-23,75774.6953125
2021-08-24,76764.671875
2021-08-25,76623.0
2021-08-26,76174.3046875
2021-08-27,76561.21875
2021-08-30,77786.984375
2021-08-31,79336.3046875
2021-09-01,79547.109375
2021-09-02,80850.921875
2021-09-03,81977.859375
2021-09-06,80989.921875
2021-09-07,80671.40625
2021-09-08,79831.015625
2021-09-09,79460.796875
2021-09-13,79834.5859375
2021-09-14,80013.9296875
2021-09-15,79801.3125
2021-09-16,79564.078125
2021-09-17,78992.5546875
2021-09-20,78473.4375
2021-09-21,77974.265625
2021-09-22,79586.0703125
2021-09-23,79811.8125
2021-09-24,79051.53125
2021-09-27,81475.984375
2021-09-28,80078.359375
2021-09-29,78653.7578125
2021-09-30,78970.96875
2021-10-01,78591.75
2021-10-04,79380.328125
2021-10-05,79002.4609375
2021-10-06,78228.7265625
2021-10-07,80858.2890625
2021-10-08,85422.8125
2021-10-11,84499.984375
2021-10-12,85181.09375
2021-10-13,85667.640625
2021-10-14,84732.3671875
2021-10-18,83884.3515625
2021-10-19,82590.078125
2021-10-20,82095.9609375
2021-10-21,80678.1328125
2021-10-22,80388.5546875
2021-10-25,79024.6015625
2021-10-26,79685.515625
2021-10-27,78968.234375
2021-10-28,77213.7734375
2021-10-29,76914.1015625
2021-11-01,78339.6953125
2021-11-02,78184.6640625
2021-11-03,77571.4921875
2021-11-04,78012.8203125
2021-11-08,79534.7734375
2021-11-09,78108.5390625
2021-11-10,77769.078125
2021-11-11,76817.3515625
2021-11-12,77776.3828125
2021-11-15,78085.453125
2021-11-16,78044.953125
2021-11-17,78972.6015625
2021-11-18,77072.859375
2021-11-22,75274.859375
2021-11-23,76114.515625
2021-11-24,76082.6875
2021-11-25,75280.625
2021-11-26,74809.96875
2021-11-29,73444.8046875
2021-11-30,74253.2421875
2021-12-01,73335.7109375
2021-12-02,73507.9375
2021-12-03,73508.53125
2021-12-06,72759.0859375
2021-12-07,73236.5234375
2021-12-08,74277.6171875
2021-12-09,74290.8046875
2021-12-10,73845.515625
2021-12-13,73418.6875
2021-12-14,73736.921875
2021-12-15,73611.203125
2021-12-16,72935.5859375
2021-12-17,72190.984375
2021-12-20,69596.6328125
2021-12-21,70057.4375
2021-12-22,70192.5546875
2021-12-23,70670.265625
2021-12-24,69736.125
2021-12-27,70169.421875
2021-12-28,71255.390625
2021-12-29,72191.96875
2021-12-30,71754.6875
2021-12-31,72966.984375
2022-01-03,72996.5390625
2022-01-04,73563.15625
2022-01-05,73671.4140625
2022-01-06,73780.1484375
2022-01-07,73813.9765625
2022-01-10,73910.59375
2022-01-11,73915.46875
2022-01-12,75002.3828125
2022-01-13,75592.6875
2022-01-14,75749.4765625
2022-01-17,76433.5625
2022-01-18,75910.8671875
2022-01-19,76142.6875
2022-01-20,73355.2578125
2022-01-21,72329.328125
2022-01-24,70717.7734375
2022-01-25,70212.9453125
2022-01-27,70354.90625
2022-01-28,70966.8671875
2022-01-31,71783.1015625
2022-02-01,71153.6640625
2022-02-02,71100.921875
2022-02-03,70628.0234375
2022-02-04,69652.234375
2022-02-07,68450.7578125
2022-02-08,69075.125
2022-02-09,70070.3125
2022-02-10,69416.2421875
2022-02-11,67888.265625
2022-02-14,65595.4765625
2022-02-15,66342.8125
2022-02-16,65805.9921875
2022-02-17,65286.765625
2022-02-18,65309.85546875
2022-02-21,64410.0859375
2022-02-22,65439.84375
2022-02-23,65473.6796875
2022-02-24,63624.98828125
2022-02-25,65322.5390625
2022-02-28,65411.3359375
2022-03-02,65891.8203125
2022-03-03,65704.359375
2022-03-04,65580.828125
2022-03-07,65821.4296875
2022-03-08,66061.953125
2022-03-09,65756.4921875
2022-03-10,66546.5703125
2022-03-11,67557.875
2022-03-14,68029.546875
2022-03-15,67743.6328125
2022-03-16,68027.6484375
2022-03-17,68612.0625
2022-03-21,66541.0546875
2022-03-22,66760.1875
2022-03-23,66509.546875
2022-03-24,66384.2265625
2022-03-25,66167.6796875
2022-03-28,65379.1875
2022-03-29,64969.66796875
2022-03-30,65031.19140625
2022-03-31,64696.09375
2022-04-01,66151.8515625
2022-04-04,66793.3203125
2022-04-05,67416.3359375
2022-04-06,67291.7578125
2022-04-07,66772.78125
2022-04-08,67443.0078125
2022-04-11,67425.890625
2022-04-12,67246.8359375
2022-04-13,67109.125
2022-04-18,66609.3046875
2022-04-19,66028.671875
2022-04-20,67331.1171875
2022-04-21,69365.265625
2022-04-22,68797.1796875
2022-04-25,68769.3671875
2022-04-26,70973.875
2022-04-27,71856.859375
2022-04-28,71968.046875
2022-04-29,72364.3515625
2022-05-02,72233.5078125
2022-05-04,71517.9609375
2022-05-05,70825.25
2022-05-06,69563.0703125
2022-05-09,68234.1640625
2022-05-10,68465.0546875
2022-05-11,67769.203125
2022-05-12,67283.0
2022-05-13,71689.6484375
2022-05-16,72164.7421875
2022-05-17,73635.6953125
2022-05-18,74313.171875
2022-05-19,73066.5546875
2022-05-20,73733.3984375
2022-05-23,73018.265625
2022-05-24,74022.484375
2022-05-25,74449.09375
2022-05-26,74684.6171875
2022-05-27,74280.546875
2022-05-30,75010.0703125
2022-05-31,77260.1328125
2022-06-01,75948.7890625
2022-06-02,75492.390625
2022-06-03,76076.984375
2022-06-06,74337.703125
2022-06-07,71299.71875
2022-06-08,70299.3046875
2022-06-09,70072.640625
2022-06-10,69601.5234375
2022-06-13,68214.796875
2022-06-14,67860.3046875
2022-06-15,68098.546875
2022-06-16,66839.78125
2022-06-17,67782.984375
2022-06-20,66317.3671875
2022-06-21,67750.1484375
2022-06-22,67699.4609375
2022-06-23,68660.234375
2022-06-24,70199.265625
2022-06-27,70864.6640625
2022-06-28,71906.3203125
2022-06-29,71165.140625
2022-06-30,70445.9140625
2022-07-01,71832.328125
2022-07-04,71416.578125
2022-07-05,70864.0625
2022-07-06,72863.03125
2022-07-07,74960.15625
2022-07-08,75663.671875
2022-07-11,75992.921875
2022-07-12,76280.265625
2022-07-13,76886.3046875
2022-07-14,77026.765625
2022-07-15,79159.2109375
2022-07-18,80337.671875
2022-07-19,79540.984375
2022-07-20,79384.578125
2022-07-21,79776.40625
2022-07-22,79002.5
2022-07-25,80428.7578125
2022-07-26,79748.34375
2022-07-27,80604.328125
2022-07-28,82778.828125
2022-07-29,83547.984375
2022-08-01,86670.109375
2022-08-02,87888.9609375
2022-08-03,88452.9375
2022-08-04,88425.8671875
2022-08-05,88608.9453125
2022-08-08,87434.7890625
2022-08-10,83197.59375
2022-08-11,82234.8046875
2022-08-12,82862.921875
2022-08-16,86691.1328125
2022-08-17,86573.6640625
2022-08-18,87309.234375
2022-08-19,86546.0546875
2022-08-22,84554.859375
2022-08-23,85618.609375
2022-08-24,84989.6796875
2022-08-25,85169.6171875
2022-08-26,84997.3984375
2022-08-29,84146.5625
2022-08-30,85089.8203125
2022-09-01,84868.34375
2022-09-02,84085.0234375
2022-09-05,83982.5
2022-09-06,84982.90625
2022-09-07,84858.921875
2022-09-08,85121.1640625
2022-09-09,83936.640625
2022-09-12,85531.734375
2022-09-13,85275.515625
2022-09-14,85794.296875
2022-09-15,92569.140625
2022-09-16,85835.3046875
2022-09-19,86074.4921875
2022-09-20,85384.9140625
2022-09-21,84010.015625
2022-09-22,84239.1171875
2022-09-23,82332.9296875
2022-09-26,78901.171875
2022-09-27,79573.7578125
2022-09-28,80157.515625
2022-09-29,79365.359375
2022-09-30,81391.3828125
2022-10-03,80364.3984375
2022-10-04,82558.5078125
2022-10-06,82174.4375
2022-10-07,82502.8828125
2022-10-10,82036.8515625
2022-10-11,80819.71875
2022-10-12,82215.859375
2022-10-13,81847.703125
2022-10-14,81087.9609375
2022-10-17,82002.8046875
2022-10-18,82820.3515625
2022-10-19,82881.4609375
2022-10-20,83900.5078125
2022-10-21,85946.890625
2022-10-24,86013.4296875
2022-10-25,87061.34375
2022-10-27,87081.28125
2022-10-28,89080.265625
2022-10-31,90474.4609375
2022-11-01,90537.453125
2022-11-02,90328.7265625
2022-11-03,90365.9609375
2022-11-04,90954.0546875
2022-11-07,94594.25
2022-11-09,86736.9921875
2022-11-10,87186.734375
2022-11-11,85878.703125
2022-11-14,85902.078125
2022-11-15,87291.9921875
2022-11-16,87403.390625
2022-11-17,87610.1796875
2022-11-18,87811.78125
2022-11-21,88813.0859375
2022-11-22,88672.53125
2022-11-23,88689.4140625
2022-11-24,89119.546875
2022-11-25,89617.8984375
2022-11-28,91241.90625
2022-11-29,92269.96875
2022-11-30,93259.203125
2022-12-01,94024.7109375
2022-12-02,94252.6796875
2022-12-05,94371.796875
2022-12-06,94215.4921875
2022-12-07,92589.1953125
2022-12-08,90801.90625
2022-12-09,91218.890625
2022-12-12,91102.203125
2022-12-13,90679.859375
2022-12-14,90874.734375
2022-12-15,90583.0703125
2022-12-16,88828.5859375
2022-12-19,89630.2109375
2022-12-20,88721.1640625
2022-12-21,87911.7109375
2022-12-22,87911.5078125
2022-12-23,85796.53125
2022-12-26,87317.2578125
2022-12-27,87809.2421875
2022-12-28,87642.875
2022-12-29,87288.703125
2022-12-30,88253.1171875
2023-01-02,87770.421875
2023-01-03,88592.7421875
2023-01-04,87731.5859375
2023-01-05,90984.7109375
2023-01-06,92844.4765625
2023-01-09,93149.6015625
2023-01-10,93863.6640625
2023-01-11,90851.359375
2023-01-12,89232.78125
2023-01-13,89426.8671875
2023-01-16,88943.8125
2023-01-17,89241.2578125
2023-01-18,89909.2265625
2023-01-19,90195.453125
2023-01-20,89271.3984375
2023-01-23,89992.4609375
2023-01-24,90126.1640625
2023-01-25,89286.109375
2023-01-27,87979.6484375
2023-01-30,88979.234375
2023-01-31,90579.625
2023-02-01,91668.1953125
2023-02-02,92521.3671875
2023-02-03,92557.25
2023-02-06,92382.3046875
2023-02-07,91447.3046875
2023-02-08,91981.390625
2023-02-09,88529.828125
2023-02-10,88786.859375
2023-02-13,88520.7109375
2023-02-14,87769.21875
2023-02-15,88572.1015625
2023-02-16,88931.296875
2023-02-17,88456.7109375
2023-02-20,88896.703125
2023-02-21,89673.3515625
2023-02-22,87381.703125
2023-02-23,86457.1875
2023-02-24,86526.8203125
2023-02-27,84874.4453125
2023-02-28,84987.578125
2023-03-01,85797.0234375
2023-03-02,86528.8203125
2023-03-03,86090.6484375
2023-03-06,86441.7265625
2023-03-08,86479.0625
2023-03-09,85326.8046875
2023-03-10,84842.6484375
2023-03-13,82814.15625
2023-03-14,82232.0
2023-03-15,81848.015625
2023-03-16,82878.3671875
2023-03-17,82640.21875
2023-03-20,83296.28125
2023-03-21,83481.7421875
2023-03-22,84133.53125
2023-03-23,83899.0703125
2023-03-24,83613.8203125
2023-03-27,83445.6171875
2023-03-28,82105.4609375
2023-03-29,81753.2265625
2023-03-31,83782.0078125
2023-04-03,84134.53125
2023-04-05,83685.0078125
2023-04-06,83740.484375
2023-04-10,84132.1328125
2023-04-11,84350.0
2023-04-12,85186.609375
2023-04-13,85247.1171875
2023-04-17,85106.953125
2023-04-18,86547.390625
2023-04-19,85566.3984375
2023-04-20,86229.6953125
2023-04-21,86244.3984375
2023-04-24,86621.9609375
2023-04-25,86288.3125
2023-04-26,86955.953125
2023-04-27,87179.9375
2023-04-28,88725.9453125
2023-05-02,88317.34375
2023-05-03,93264.578125
2023-05-04,94810.6875
2023-05-05,98302.8828125
2023-05-08,97422.2734375
2023-05-09,97192.109375
2023-05-10,96922.5625
2023-05-11,97053.78125
2023-05-12,96384.0546875
2023-05-15,96595.1328125
2023-05-16,96247.1875
2023-05-17,97346.9609375
2023-05-18,96754.4375
2023-05-19,95932.984375
2023-05-22,95608.8125
2023-05-23,95186.3515625
2023-05-24,95338.5078125
2023-05-25,96422.1328125
2023-05-26,97572.9375
2023-05-29,97473.671875
2023-05-30,96790.0234375
2023-05-31,96904.96875
2023-06-01,97259.4375
2023-06-02,96064.421875
2023-06-05,96492.0234375
2023-06-06,96331.328125
2023-06-07,97245.28125
2023-06-08,96771.03125
2023-06-09,98080.5
2023-06-12,98656.2578125
2023-06-13,99677.3359375
2023-06-14,99798.2421875
2023-06-15,99765.203125
2023-06-16,99577.296875
2023-06-19,99443.421875
2023-06-20,99034.7109375
2023-06-21,100105.328125
2023-06-22,99553.328125
2023-06-23,99178.109375
2023-06-26,99639.2578125
2023-06-27,99276.9921875
2023-06-28,100070.4296875
2023-06-30,100940.984375
2023-07-03,99584.234375
2023-07-04,98836.0390625
2023-07-05,99875.0546875
2023-07-06,100986.8359375
2023-07-07,100908.234375
2023-07-10,100285.4140625
2023-07-11,101608.5703125
2023-07-12,101908.8203125
2023-07-13,100944.4296875
2023-07-14,101818.90625
2023-07-17,101666.328125
2023-07-18,101922.828125
2023-07-19,102394.03125
2023-07-20,101742.078125
2023-07-21,101934.828125
2023-07-24,102568.1171875
2023-07-25,102370.71875
2023-07-26,102050.5546875
2023-07-27,102248.25
2023-07-28,102379.0546875
2023-07-31,102800.515625
2023-08-01,103129.515625
2023-08-02,102434.0234375
2023-08-03,106811.5390625
2023-08-04,111128.1484375
2023-08-07,108052.5625
2023-08-08,107472.046875
2023-08-09,106255.9296875
2023-08-10,106194.7265625
2023-08-11,105828.9296875
2023-08-14,106105.609375
2023-08-16,106302.6640625
2023-08-17,106311.8515625
2023-08-18,107597.3515625
2023-08-21,107635.3984375
2023-08-22,108247.8125
2023-08-23,108511.15625
2023-08-24,108430.8828125
2023-08-25,108377.8125
2023-08-28,108124.1953125
2023-08-29,108647.9140625
2023-08-30,109428.1796875
2023-08-31,108521.84375
2023-09-01,107820.8046875
2023-09-04,108031.7421875
2023-09-05,108355.84375
2023-09-06,109230.2734375
2023-09-07,109039.96875
2023-09-08,108693.734375
2023-09-11,109274.9140625
2023-09-12,107752.9765625
2023-09-13,108893.6875
2023-09-14,110833.3515625
2023-09-15,109068.6171875
2023-09-18,108839.0703125
2023-09-20,109438.109375
2023-09-21,108677.015625
2023-09-22,108490.6953125
2023-09-25,109194.78125
2023-09-26,109553.6328125
2023-09-27,110118.578125
2023-09-28,108561.9375
2023-09-29,107133.3046875
2023-10-03,108130.640625
2023-10-04,106739.703125
2023-10-05,106609.0
2023-10-06,107387.5703125
2023-10-09,107104.703125
2023-10-10,107041.9453125
2023-10-11,107575.1796875
2023-10-12,108520.8515625
2023-10-13,108927.734375
2023-10-16,109382.7421875
2023-10-17,110718.0234375
2023-10-18,109506.8984375
2023-10-19,109409.3046875
2023-10-20,109338.9609375
2023-10-23,108812.5078125
2023-10-25,108468.1328125
2023-10-26,107318.71875
2023-10-27,108027.1484375
2023-10-30,108850.8046875
2023-10-31,108133.984375
2023-11-01,108419.546875
2023-11-02,110332.8984375
2023-11-03,107560.3046875
2023-11-06,107229.40625
2023-11-07,107023.2734375
2023-11-08,108184.21875
2023-11-09,107914.71875
2023-11-10,108131.890625
2023-11-13,107474.7890625
2023-11-15,109214.046875
2023-11-16,110132.015625
2023-11-17,111309.65625
2023-11-20,111225.484375
2023-11-21,111268.765625
2023-11-22,111032.5703125
2023-11-23,111213.2578125
2023-11-24,111282.6484375
2023-11-28,111381.25
2023-11-29,112099.78125
2023-11-30,111517.1015625
2023-12-01,111243.796875
2023-12-04,111341.015625
2023-12-05,113560.9140625
2023-12-06,113919.375
2023-12-07,117234.1328125
2023-12-08,117774.1875
2023-12-11,118873.6015625
2023-12-12,119325.3828125
2023-12-13,119607.3125
2023-12-14,120379.703125
2023-12-15,119905.65625
2023-12-18,119241.2578125
2023-12-19,118608.1484375
2023-12-20,117144.6796875
2023-12-21,117400.546875
2023-12-22,119366.71875
2023-12-26,120090.6953125
2023-12-27,120858.75
2023-12-28,125674.3828125
2023-12-29,129386.765625
2024-01-01,129231.2890625
2024-01-02,129799.1953125
2024-01-03,130401.859375
2024-01-04,131314.390625
2024-01-05,132504.125
2024-01-08,131724.625
2024-01-09,131496.828125
2024-01-10,131632.578125
2024-01-11,133169.875
2024-01-12,134151.515625
2024-01-15,135749.203125
2024-01-16,136391.78125
2024-01-17,134677.953125
2024-01-18,137382.828125
2024-01-19,139224.84375
2024-01-23,140787.796875
2024-01-24,139563.40625
2024-01-25,136654.65625
2024-01-29,143659.875
2024-01-30,140410.953125
2024-01-31,142365.609375
2024-02-01,142266.15625
2024-02-02,140732.46875
2024-02-05,141435.34375
2024-02-06,143174.703125
2024-02-07,142784.375
2024-02-08,142271.453125
2024-02-09,136879.703125
2024-02-12,143589.125
2024-02-13,144412.5625
2024-02-14,147065.71875
2024-02-15,148289.234375
2024-02-16,147834.578125
2024-02-19,148681.09375
2024-02-20,148405.3125
2024-02-21,149466.609375
2024-02-22,149944.46875
2024-02-23,150504.140625
2024-02-26,148157.34375
2024-02-27,146933.53125
2024-02-28,145814.421875
2024-02-29,145867.484375
2024-03-01,144973.265625
2024-03-04,145931.640625
2024-03-05,145183.1875
2024-03-06,145526.546875
2024-03-07,143745.71875
2024-03-11,144738.296875
2024-03-12,142068.171875
2024-03-13,138853.9375
2024-03-14,140096.109375
2024-03-15,141104.984375
2024-03-18,136811.984375
2024-03-19,132485.328125
2024-03-20,131319.953125
2024-03-21,131390.78125
2024-03-22,131110.5625
2024-03-26,131452.5
2024-03-27,131616.265625
2024-03-28,133191.875
2024-04-01,135520.46875
2024-04-02,136891.90625
2024-04-03,135991.15625
2024-04-04,135162.609375
2024-04-05,135266.09375
2024-04-08,132514.0
2024-04-09,132728.921875
2024-04-10,132485.171875
2024-04-12,131523.484375
2024-04-15,129254.125
2024-04-16,129965.4296875
2024-04-18,129042.1328125
2024-04-19,128968.3984375
2024-04-22,128830.9921875
2024-04-23,129037.34375
2024-04-24,128336.125
2024-04-25,129442.7578125
2024-04-26,130046.9140625
2024-04-29,130629.609375
2024-04-30,132824.53125
2024-05-02,133665.8125
2024-05-03,128372.0234375
2024-05-06,126290.1796875
2024-05-07,124332.046875
2024-05-08,126492.0234375
2024-05-09,126040.1875
2024-05-10,127408.734375
2024-05-13,128693.046875
2024-05-14,128007.109375
2024-05-15,127258.7109375
2024-05-16,128775.3203125
2024-05-17,128954.3671875
2024-05-21,129430.8203125
2024-05-22,129291.5234375
2024-05-23,129970.0234375
2024-05-24,130847.53125
2024-05-27,130761.859375
2024-05-28,128920.015625
2024-05-29,127960.0703125
2024-05-30,125282.203125
2024-05-31,125247.7109375
2024-06-03,126784.34375
2024-06-04,121724.578125
2024-06-05,127772.203125
2024-06-06,125947.2265625
2024-06-07,127093.9453125
2024-06-10,126777.25
2024-06-11,126073.890625
2024-06-12,125892.7109375
2024-06-13,125894.8515625
2024-06-14,125396.6875
2024-06-18,125663.796875
2024-06-19,124765.65625
2024-06-20,126116.078125
2024-06-21,125105.703125
2024-06-24,125061.7734375
2024-06-25,126768.8203125
2024-06-26,125742.9296875
2024-06-27,125027.53125
2024-06-28,129269.453125
2024-07-01,129477.9453125
2024-07-02,128498.5390625
2024-07-03,128738.984375
2024-07-04,128329.53125
2024-07-05,128762.09375
2024-07-08,128582.40625
2024-07-09,131158.078125
2024-07-10,130680.6875
2024-07-11,130414.5234375
2024-07-12,129500.859375
2024-07-15,131069.5078125
2024-07-16,132986.453125
2024-07-18,132106.96875
2024-07-19,127935.8046875
2024-07-22,130782.578125
2024-07-23,131811.28125
2024-07-24,137071.515625
2024-07-25,137582.921875
2024-07-26,138863.109375
2024-07-29,139247.328125
2024-07-30,139931.203125
2024-07-31,142241.625
2024-08-01,140258.828125
2024-08-02,138353.125
2024-08-05,136461.46875
2024-08-06,135666.21875
2024-08-07,134598.46875
2024-08-08,140384.21875
2024-08-09,136904.5625
2024-08-12,137278.34375
2024-08-13,137480.78125
2024-08-14,135963.359375
2024-08-16,136080.109375
2024-08-19,134916.71875
2024-08-20,135865.953125
2024-08-21,137824.15625
2024-08-22,139607.265625
2024-08-23,138512.359375
2024-08-26,139317.1875
2024-08-27,138800.359375
2024-08-28,136849.15625
2024-08-29,134414.09375
2024-08-30,134826.421875
2024-09-02,134188.25
2024-09-03,134412.0
2024-09-04,135319.84375
2024-09-05,136010.0
2024-09-06,134253.75
2024-09-09,133972.296875
2024-09-10,135752.328125
2024-09-11,135338.890625
2024-09-12,135955.15625
2024-09-13,137346.796875
2024-09-16,136419.890625
2024-09-17,135212.140625
2024-09-18,134235.703125
2024-09-19,136340.484375
2024-09-20,135927.3125
2024-09-23,137227.640625
2024-09-24,137805.8125
2024-09-25,139148.890625
2024-09-26,138844.921875
2024-09-27,140966.546875
2024-09-30,138506.421875
2024-10-01,140255.578125
2024-10-03,136097.25
2024-10-04,133401.78125
2024-10-07,131231.0
2024-10-08,132133.3125
2024-10-09,132576.390625
2024-10-10,132207.546875
2024-10-11,132190.703125
2024-10-14,131906.421875
2024-10-15,131020.4140625
2024-10-16,130486.9921875
2024-10-17,129804.9765625
2024-10-18,129437.8984375
2024-10-21,128236.265625
2024-10-22,126400.65625
2024-10-23,125487.4140625
2024-10-24,124124.7265625
2024-10-25,122745.390625
2024-10-28,123084.53125
2024-10-29,122501.4609375
2024-10-30,121982.9921875
2024-10-31,122518.0625
2024-11-01,123323.8671875
2024-11-04,120870.4453125
2024-11-05,119523.9140625
2024-11-06,121607.203125
2024-11-07,121019.640625
2024-11-08,119348.0703125
2024-11-11,123039.1796875
2024-11-12,120917.84375
2024-11-13,120477.421875
2024-11-14,120545.4609375
2024-11-18,120854.796875
2024-11-19,122947.234375
2024-11-21,123506.515625
2024-11-22,124593.59375
2024-11-25,124488.9453125
2024-11-26,124169.8046875
2024-11-27,124530.796875
2024-11-28,123658.96875
2024-11-29,125247.8671875
2024-12-02,125355.921875
2024-12-03,125581.609375
2024-12-04,126837.9296875
2024-12-05,130757.921875
2024-12-06,130631.9765625
2024-12-09,132147.796875
2024-12-10,132454.625
2024-12-11,132513.78125
2024-12-12,131868.796875
2024-12-13,133231.609375
2024-12-16,132526.875
2024-12-17,130973.015625
2024-12-18,130407.7265625
2024-12-19,129839.546875
2024-12-20,128054.3984375
2024-12-23,130342.3359375
2024-12-24,130339.640625
2024-12-26,131200.609375
2024-12-27,131550.203125
2024-12-30,131138.15625
2024-12-31,130631.28125
2025-01-01,129370.9609375
2025-01-02,129208.265625
2025-01-03,126359.0390625
2025-01-06,122866.59375
2025-01-07,121218.828125
2025-01-08,119866.015625
2025-01-09,118882.3984375
2025-01-10,117101.34375
2025-01-13,113000.703125
2025-01-14,114210.2734375
2025-01-15,114223.875
2025-01-16,114460.46875
2025-01-17,113945.53125
2025-01-20,113783.4921875
2025-01-21,112094.1796875
2025-01-22,111596.796875
2025-01-23,111736.4453125
2025-01-24,111481.5
2025-01-27,111253.40625
2025-01-28,112880.6171875
2025-01-29,112331.8828125
2025-01-30,112619.421875
2025-01-31,113629.390625
2025-02-01,114180.328125
2025-02-03,113790.1875
2025-02-04,114931.5625
2025-02-05,114957.6015625
2025-02-06,114125.7734375
2025-02-07,112872.015625
2025-02-10,111033.1640625
2025-02-11,108713.4765625
2025-02-12,109391.15625
2025-02-13,109764.0
2025-02-14,109474.8515625
2025-02-17,109984.0
2025-02-18,109020.453125
2025-02-19,109570.703125
2025-02-20,109938.703125
2025-02-21,109263.296875
2025-02-24,108842.0
2025-02-25,107203.953125
2025-02-27,105723.3984375
2025-02-28,105373.703125
2025-03-03,105170.25
2025-03-04,102659.3984375
2025-03-05,105805.5
2025-03-06,107795.296875
2025-03-07,107202.953125
2025-03-10,106650.6015625
2025-03-11,106534.296875
2025-03-12,107264.25
2025-03-13,105041.6015625
2025-03-17,105410.796875
2025-03-18,105410.796875
2025-03-19,109922.796875
2025-03-20,111107.8984375
2025-03-21,112050.1484375
2025-03-24,114020.796875
2025-03-25,114264.5
2025-03-26,114321.203125
2025-03-27,113264.046875
2025-03-28,112677.75
2025-04-01,113037.046875
2025-04-02,115137.3515625
2025-04-03,114870.453125
2025-04-04,113236.953125
2025-04-07,110385.5
2025-04-08,112592.3984375
2025-04-09,113113.296875
2025-04-11,117544.3984375
2025-04-15,122905.0
2025-04-16,124490.0
2025-04-17,126475.0
2025-04-21,126800.0
2025-04-22,127655.0
2025-04-23,127980.0
2025-04-24,129920.0
2025-04-25,128655.0
2025-04-28,130225.0
2025-04-29,132805.0
2025-04-30,134505.0
2025-05-02,134995.0
2025-05-05,136120.0
2025-05-06,134990.0
2025-05-07,140420.0
2025-05-08,138760.0
2025-05-09,137675.0
2025-05-12,139925.0
2025-05-13,140425.0
2025-05-14,141070.0
2025-05-15,141140.0
2025-05-16,140265.0
2025-05-19,140145.0
2025-05-20,140240.0
2025-05-21,142285.0
2025-05-22,142345.0
2025-05-23,143670.0
2025-05-26,146625.0
2025-05-27,143985.0
2025-05-28,142785.0
2025-05-29,140905.0
2025-05-30,138865.0
